Video,Timestamp
01_Video_01.mp4,00:06:15
01_Video_01.mp4,00:36:55
01_Video_01.mp4,00:40:75
01_Video_02.mp4,00:01:96
01_Video_02.mp4,00:04:90
01_Video_02.mp4,00:43:50
01_Video_03.mp4,00:00:90
01_Video_03.mp4,00:24:96
01_Video_03.mp4,00:47:53
01_Video_04.mp4,00:15:00
01_Video_04.mp4,00:55:13
01_Video_04.mp4,00:56:41
01_Video_05.mp4,00:00:58
01_Video_05.mp4,00:42:35
01_Video_05.mp4,00:45:93
01_Video_06.mp4,00:16:01
01_Video_06.mp4,01:14:42
01_Video_06.mp4,01:28:79
01_Video_07.mp4,00:07:80
01_Video_07.mp4,00:12:26
01_Video_07.mp4,00:21:89
01_Video_08.mp4,00:07:65
01_Video_08.mp4,00:43:00
01_Video_08.mp4,01:06:50
01_Video_09.mp4,00:06:03
01_Video_09.mp4,00:19:35
01_Video_09.mp4,00:47:60
01_Video_10.mp4,00:23:78
01_Video_10.mp4,00:29:58
01_Video_10.mp4,00:30:41
01_Video_11.mp4,00:02:60
01_Video_11.mp4,00:10:00
01_Video_11.mp4,00:52:66
01_Video_12.mp4,00:06:06
01_Video_12.mp4,00:15:77
01_Video_12.mp4,00:40:21
01_Video_13.mp4,00:35:99
01_Video_13.mp4,01:28:97
01_Video_13.mp4,01:39:91
01_Video_14.mp4,00:23:84
01_Video_14.mp4,00:26:01
01_Video_14.mp4,00:34:95
01_Video_15.mp4,00:32:55
01_Video_15.mp4,01:02:25
01_Video_15.mp4,01:10:10
01_Video_16.mp4,00:03:98
01_Video_16.mp4,00:04:22
01_Video_16.mp4,00:04:70
01_Video_17.mp4,00:56:02
01_Video_17.mp4,00:56:17
01_Video_17.mp4,01:14:00
01_Video_18.mp4,00:01:64
01_Video_18.mp4,00:05:83
01_Video_18.mp4,01:06:45
01_Video_19.mp4,00:13:46
01_Video_19.mp4,00:31:71
01_Video_19.mp4,00:44:88
01_Video_20.mp4,00:27:74
01_Video_20.mp4,00:35:76
01_Video_20.mp4,01:21:47
02_Video_01.mp4,00:06:83
02_Video_01.mp4,02:43:86
02_Video_01.mp4,02:46:76
02_Video_02.mp4,00:11:66
02_Video_02.mp4,00:46:15
02_Video_02.mp4,02:23:79
02_Video_03.mp4,00:50:00
02_Video_03.mp4,01:30:50
02_Video_03.mp4,04:26:89
02_Video_04.mp4,01:23:24
02_Video_04.mp4,02:57:66
02_Video_04.mp4,03:13:14
02_Video_05.mp4,00:30:07
02_Video_05.mp4,00:40:09
02_Video_05.mp4,03:52:52
02_Video_06.mp4,00:08:34
02_Video_06.mp4,00:10:07
02_Video_06.mp4,01:38:43
02_Video_07.mp4,00:25:15
02_Video_07.mp4,01:34:82
02_Video_07.mp4,01:59:57
02_Video_08.mp4,01:48:01
02_Video_08.mp4,02:50:22
02_Video_08.mp4,04:12:31
02_Video_09.mp4,00:02:86
02_Video_09.mp4,01:21:78
02_Video_09.mp4,04:21:98
02_Video_10.mp4,00:13:43
02_Video_10.mp4,00:38:59
02_Video_10.mp4,01:23:19
02_Video_11.mp4,00:50:29
02_Video_11.mp4,03:17:82
02_Video_11.mp4,03:46:20
02_Video_12.mp4,00:45:43
02_Video_12.mp4,01:03:89
02_Video_12.mp4,02:47:82
02_Video_13.mp4,00:14:60
02_Video_13.mp4,03:18:87
02_Video_13.mp4,03:23:93
02_Video_14.mp4,00:03:15
02_Video_14.mp4,01:53:34
02_Video_14.mp4,03:12:54
02_Video_15.mp4,00:09:01
02_Video_15.mp4,03:28:00
02_Video_15.mp4,04:15:13
02_Video_16.mp4,02:07:41
02_Video_16.mp4,03:15:57
02_Video_16.mp4,04:58:39
02_Video_17.mp4,01:34:05
02_Video_17.mp4,02:08:18
02_Video_17.mp4,03:51:69
02_Video_18.mp4,00:13:00
02_Video_18.mp4,00:44:59
02_Video_18.mp4,02:03:43
02_Video_19.mp4,00:01:72
02_Video_19.mp4,00:05:46
02_Video_19.mp4,01:14:18
02_Video_20.mp4,01:37:21
02_Video_20.mp4,01:58:14
02_Video_20.mp4,04:28:11
03_Video_01.mp4,00:19:18
03_Video_01.mp4,00:15:29
03_Video_01.mp4,01:19:83
03_Video_02.mp4,00:10:44
03_Video_02.mp4,00:20:30
03_Video_02.mp4,00:35:06
03_Video_09.mp4,00:00:00
03_Video_09.mp4,00:32:68
03_Video_09.mp4,01:05:43
03_Video_10.mp4,00:06:75
03_Video_10.mp4,00:47:58
03_Video_10.mp4,00:59:16
03_Video_11.mp4,00:14:27
03_Video_11.mp4,01:15:27
03_Video_11.mp4,01:21:40
03_Video_12.mp4,00:04:37
03_Video_12.mp4,00:56:64
03_Video_12.mp4,01:02:93
03_Video_13.mp4,00:50:38
03_Video_13.mp4,00:53:42
03_Video_13.mp4,00:54:22
03_Video_14.mp4,00:08:95
03_Video_14.mp4,00:37:39
03_Video_14.mp4,00:47:58
03_Video_15.mp4,00:18:88
03_Video_15.mp4,00:32:29
03_Video_15.mp4,00:36:05
03_Video_16.mp4,00:07:91
03_Video_16.mp4,00:12:66
03_Video_16.mp4,00:17:75
03_Video_17.mp4,00:15:01
03_Video_17.mp4,00:17:05
03_Video_17.mp4,00:20:36
03_Video_18.mp4,00:36:73
03_Video_18.mp4,00:38:00
03_Video_18.mp4,00:38:90
03_Video_19.mp4,00:00:37
03_Video_19.mp4,00:21:47
03_Video_19.mp4,01:11:31
03_Video_20.mp4,00:55:69
03_Video_20.mp4,01:01:21
03_Video_20.mp4,01:02:62
04_Video_01.mp4,00:00:08
04_Video_01.mp4,00:01:01
04_Video_01.mp4,00:09:93
04_Video_02.mp4,00:04:33
04_Video_02.mp4,00:06:41
04_Video_02.mp4,00:54:68
04_Video_03.mp4,00:39:79
04_Video_03.mp4,00:52:81
04_Video_03.mp4,00:43:88
04_Video_04.mp4,00:05:72
04_Video_04.mp4,00:17:51
04_Video_04.mp4,00:36:90
04_Video_05.mp4,00:01:71
04_Video_05.mp4,00:16:37
04_Video_05.mp4,00:34:03
04_Video_06.mp4,00:11:93
04_Video_06.mp4,00:13:20
04_Video_06.mp4,00:36:34
04_Video_07.mp4,00:39:86
04_Video_07.mp4,01:06:47
04_Video_07.mp4,01:18:82
04_Video_08.mp4,00:39:73
04_Video_08.mp4,00:48:68
04_Video_08.mp4,01:24:73
04_Video_09.mp4,00:03:74
04_Video_09.mp4,00:47:58
04_Video_09.mp4,00:48:31
04_Video_10.mp4,00:29:53
04_Video_10.mp4,00:11:25
04_Video_10.mp4,00:33:85
04_Video_11.mp4,00:53:85
04_Video_11.mp4,01:00:59
04_Video_11.mp4,01:09:48
04_Video_12.mp4,00:11:52
04_Video_12.mp4,00:49:71
04_Video_12.mp4,00:58:91
04_Video_13.mp4,00:47:53
04_Video_13.mp4,00:50:54
04_Video_13.mp4,00:36:32
04_Video_14.mp4,00:24:82
04_Video_14.mp4,00:26:56
04_Video_14.mp4,00:43:46
04_Video_15.mp4,00:19:26
04_Video_15.mp4,00:44:95
04_Video_15.mp4,01:00:12
04_Video_16.mp4,00:00:97
04_Video_16.mp4,00:46:01
04_Video_16.mp4,00:57:57
04_Video_17.mp4,00:12:31
04_Video_17.mp4,00:20:35
04_Video_17.mp4,00:49:60
04_Video_18.mp4,00:43:41
04_Video_18.mp4,01:33:44
04_Video_18.mp4,02:13:84
04_Video_19.mp4,00:34:68
04_Video_19.mp4,00:36:18
04_Video_19.mp4,02:12:74
04_Video_20.mp4,00:00:88
04_Video_20.mp4,00:46:72
04_Video_20.mp4,00:47:37
09_Video_01.mp4,00:14:77
09_Video_01.mp4,03:05:08
09_Video_01.mp4,04:39:17
09_Video_02.mp4,00:03:32
09_Video_02.mp4,03:49:77
09_Video_02.mp4,04:06:81
09_Video_03.mp4,00:02:75
09_Video_03.mp4,00:20:35
09_Video_03.mp4,04:36:21
09_Video_04.mp4,00:05:66
09_Video_04.mp4,00:06:47
09_Video_04.mp4,02:17:19
09_Video_05.mp4,01:01:18
09_Video_05.mp4,02:40:38
09_Video_05.mp4,02:44:12
09_Video_06.mp4,01:43:66
09_Video_06.mp4,02:33:49
09_Video_06.mp4,03:37:64
09_Video_07.mp4,01:50:26
09_Video_07.mp4,03:50:61
09_Video_07.mp4,04:05:29
09_Video_08.mp4,04:19:84
09_Video_08.mp4,04:20:69
09_Video_08.mp4,04:53:25
09_Video_09.mp4,00:00:86
09_Video_09.mp4,01:13:41
09_Video_09.mp4,04:59:90
09_Video_10.mp4,00:49:23
09_Video_10.mp4,00:52:97
09_Video_10.mp4,00:59:59
09_Video_11.mp4,00:42:48
09_Video_11.mp4,01:13:43
09_Video_11.mp4,01:51:69
09_Video_12.mp4,02:18:52
09_Video_12.mp4,02:55:69
09_Video_12.mp4,04:00:76
09_Video_13.mp4,03:14:91
09_Video_13.mp4,03:27:29
09_Video_13.mp4,04:08:46
09_Video_14.mp4,01:05:32
09_Video_14.mp4,02:09:80
09_Video_14.mp4,04:43:92
09_Video_15.mp4,00:39:88
09_Video_15.mp4,03:02:40
09_Video_15.mp4,03:06:14
09_Video_16.mp4,01:28:67
09_Video_16.mp4,01:45:66
09_Video_16.mp4,03:11:45
09_Video_17.mp4,00:54:70
09_Video_17.mp4,01:14:56
09_Video_17.mp4,03:38:80
09_Video_18.mp4,00:50:28
09_Video_18.mp4,01:45:55
09_Video_18.mp4,04:52:55
09_Video_19.mp4,00:17:03
09_Video_19.mp4,00:28:25
09_Video_19.mp4,00:50:69
09_Video_20.mp4,00:50:27
09_Video_20.mp4,01:11:46
09_Video_20.mp4,02:44:95
10_Video_01.mp4,00:02:32
10_Video_01.mp4,00:12:92
10_Video_01.mp4,02:10:84
10_Video_02.mp4,00:03:06
10_Video_02.mp4,00:16:00
10_Video_02.mp4,00:26:92
10_Video_03.mp4,00:03:61
10_Video_03.mp4,00:17:83
10_Video_03.mp4,00:20:56
10_Video_04.mp4,00:00:27
10_Video_04.mp4,00:04:32
10_Video_04.mp4,00:18:11
10_Video_05.mp4,00:04:79
10_Video_05.mp4,00:05:83
10_Video_05.mp4,00:57:75
10_Video_06.mp4,00:15:65
10_Video_06.mp4,00:22:47
10_Video_06.mp4,00:51:88
10_Video_07.mp4,00:01:61
10_Video_07.mp4,00:27:92
10_Video_07.mp4,00:45:37
10_Video_08.mp4,00:09:50
10_Video_08.mp4,00:43:69
10_Video_08.mp4,01:02:82
10_Video_09.mp4,00:23:93
10_Video_09.mp4,00:28:30
10_Video_09.mp4,00:43:47
10_Video_10.mp4,00:08:66
10_Video_10.mp4,00:33:52
10_Video_10.mp4,01:03:58
10_Video_11.mp4,00:05:35
10_Video_11.mp4,00:09:25
10_Video_11.mp4,01:00:47
10_Video_12.mp4,00:17:44
10_Video_12.mp4,00:28:08
10_Video_12.mp4,00:34:67
10_Video_13.mp4,00:01:39
10_Video_13.mp4,00:12:28
10_Video_13.mp4,00:24:39
10_Video_14.mp4,00:51:65
10_Video_14.mp4,00:52:40
10_Video_14.mp4,00:53:59
10_Video_15.mp4,00:17:47
10_Video_15.mp4,00:25:71
10_Video_15.mp4,00:31:09
10_Video_16.mp4,00:04:11
10_Video_16.mp4,00:36:54
10_Video_16.mp4,01:13:71
10_Video_17.mp4,00:10:63
10_Video_17.mp4,00:38:58
10_Video_17.mp4,00:57:58
10_Video_18.mp4,00:26:20
10_Video_18.mp4,00:32:71
10_Video_18.mp4,00:57:93
10_Video_19.mp4,00:12:33
10_Video_19.mp4,00:28:61
10_Video_19.mp4,00:54:05
10_Video_20.mp4,00:00:13
10_Video_20.mp4,00:10:94
10_Video_20.mp4,00:22:24
11_Video_09.mp4,00:38:79
11_Video_09.mp4,00:40:60
11_Video_09.mp4,00:41:98
11_Video_15.mp4,00:30:80
11_Video_15.mp4,00:32:36
11_Video_15.mp4,00:33:76
11_Video_17.mp4,00:27:65
11_Video_17.mp4,00:29:98
11_Video_17.mp4,00:30:37
11_Video_18.mp4,00:46:90
11_Video_18.mp4,00:49:86
11_Video_18.mp4,00:51:73
11_Video_20.mp4,00:00:33
11_Video_20.mp4,00:05:66
11_Video_20.mp4,00:14:78
13_Video_01.mp4,08:41:57
13_Video_01.mp4,11:24:45
13_Video_01.mp4,21:54:01
13_Video_02.mp4,00:07:49
13_Video_02.mp4,00:24:34
13_Video_02.mp4,05:49:59
13_Video_03.mp4,00:04:16
13_Video_03.mp4,01:15:45
13_Video_03.mp4,01:17:12
13_Video_04.mp4,04:19:97
13_Video_04.mp4,09:42:32
13_Video_04.mp4,28:41:04
13_Video_05.mp4,01:12:86
13_Video_05.mp4,03:44:68
13_Video_05.mp4,05:27:04
13_Video_06.mp4,01:53:57
13_Video_06.mp4,01:55:76
13_Video_06.mp4,07:03:73
13_Video_07.mp4,00:46:82
13_Video_07.mp4,02:17:27
13_Video_07.mp4,03:19:71
13_Video_08.mp4,02:32:98
13_Video_08.mp4,02:37:90
13_Video_08.mp4,02:41:18
13_Video_09.mp4,02:34:93
13_Video_09.mp4,04:01:72
13_Video_09.mp4,06:28:95
13_Video_10.mp4,00:36:67
13_Video_10.mp4,02:19:27
13_Video_10.mp4,03:48:88
13_Video_12.mp4,01:32:93
13_Video_12.mp4,02:59:35
13_Video_12.mp4,05:33:15
13_Video_13.mp4,02:50:86
13_Video_13.mp4,02:54:26
13_Video_13.mp4,03:21:98
13_Video_14.mp4,05:22:66
13_Video_14.mp4,05:27:72
13_Video_14.mp4,06:39:68
13_Video_15.mp4,00:51:60
13_Video_15.mp4,02:38:69
13_Video_15.mp4,06:01:79
13_Video_16.mp4,04:37:79
13_Video_16.mp4,05:45:57
13_Video_16.mp4,06:04:46
13_Video_19.mp4,00:32:02
13_Video_19.mp4,01:29:30
13_Video_19.mp4,01:57:46
13_Video_20.mp4,00:36:31
13_Video_20.mp4,02:05:49
13_Video_20.mp4,02:42:87
